,Polarity,Counts
0,Negative,0.6547340333412442
1,Neutral,0.041981231919847595
2,Positive,0.30328473473890816
