,Polarity,Counts
0,Negative,0.6291282749074786
1,Neutral,0.05546595034633228
2,Positive,0.3154057747461892
