,Polarity,Counts
0,Negative,0.6447576669952839
1,Neutral,0.037147957688310994
2,Positive,0.3180943753164051
