,Polarity,Counts
0,Negative,0.6244140120335167
1,Neutral,0.05824197457950365
2,Positive,0.3173440133869797
