,Polarity,Counts
0,Negative,0.6118083374093726
1,Neutral,0.08028455913765456
2,Positive,0.30790710345297284
