,Polarity,Counts
0,Negative,0.6028994926790519
1,Neutral,0.0372877887907948
2,Positive,0.3598127185301534
