,Polarity,Counts
0,Negative,0.5992714224168489
1,Neutral,0.04031717119937177
2,Positive,0.36041140638377933
