,Polarity,Counts
0,Negative,0.6144746424484251
1,Neutral,0.04876899444930632
2,Positive,0.33675636310226864
