,Polarity,Counts
0,Negative,0.6041279497092867
1,Neutral,0.04436291059893515
2,Positive,0.35150913969177816
