,Polarity,Counts
0,Negative,0.6033466466719128
1,Neutral,0.046057222609909285
2,Positive,0.3505961307181779
