,Polarity,Counts
0,Negative,0.6564705317085182
1,Neutral,0.03658236286869148
2,Positive,0.30694710542279025
