,Polarity,Counts
0,Negative,0.653757727481735
1,Neutral,0.0419455372196393
2,Positive,0.30429673529862566
